{"graph": {"_type": "graph-file", "path": "media/graph/graph_summary_22136f4f.graph.json", "sha256": "22136f4f7aa37fca2d6c8529c3d887781336e2d1886e083c8975e85d594d29fc", "size": 29990}, "epoch": 34, "loss": 6.908414840698242, "accuracy": 0.0011536356760188937, "top_k_categorical_accuracy": 0.005245998501777649, "val_loss": 6.912492275238037, "val_accuracy": 0.0010400000028312206, "val_top_k_categorical_accuracy": 0.0050200000405311584, "_runtime": 51017, "_timestamp": 1618904212, "_step": 34, "best_val_loss": 6.912438869476318, "best_epoch": 11}