{"graph": {"_type": "graph-file", "path": "media/graph/graph_summary_16cd8a7c.graph.json", "sha256": "16cd8a7c9afdb8f406d9fabf2e0d1e93e41e0022728f0fed5db140b4806fb71a", "size": 30194}, "epoch": 2, "loss": 36.71875, "accuracy": 0.0009765625, "top_k_categorical_accuracy": 0.0849609375, "val_loss": 1957.75, "val_accuracy": 0.0, "val_top_k_categorical_accuracy": 1.0, "_runtime": 229, "_timestamp": 1618523610, "_step": 2, "best_val_loss": 452.125, "best_epoch": 0}