{"graph": {"_type": "graph-file", "path": "media/graph/graph_summary_550f247a.graph.json", "sha256": "550f247a51b9d596a0392763179e5d47bdaaa40cb5ab852c2a6c17befef69b1e", "size": 30046}, "epoch": 40, "loss": 3.4575836658477783, "accuracy": 0.3861338794231415, "top_k_categorical_accuracy": 0.6286471486091614, "val_loss": 3.998720645904541, "val_accuracy": 0.30226001143455505, "val_top_k_categorical_accuracy": 0.5382800102233887, "_runtime": 62735, "_timestamp": 1619163183, "_step": 40, "best_val_loss": 3.9554991722106934, "best_epoch": 37}