{"graph": {"_type": "graph-file", "path": "media/graph/graph_summary_16cd8a7c.graph.json", "sha256": "16cd8a7c9afdb8f406d9fabf2e0d1e93e41e0022728f0fed5db140b4806fb71a", "size": 30194}, "epoch": 49, "loss": 6.8017578125, "accuracy": 0.0048828125, "top_k_categorical_accuracy": 0.0126953125, "val_loss": 4595.0, "val_accuracy": 0.0, "val_top_k_categorical_accuracy": 1.0, "_runtime": 1705, "_timestamp": 1618520010, "_step": 49, "best_val_loss": 445.9375, "best_epoch": 0}