{"graph": {"_type": "graph-file", "path": "media/graph/graph_summary_6fc80f4e.graph.json", "sha256": "6fc80f4e6e2a551afe094f63c44a41408bac356400808ddf37963b4506f2e222", "size": 30046}, "epoch": 0, "loss": 7.017291069030762, "accuracy": 0.0009343044366687536, "top_k_categorical_accuracy": 0.005298294592648745, "val_loss": 7.100781440734863, "val_accuracy": 0.001120000029914081, "val_top_k_categorical_accuracy": 0.005280000157654285, "_runtime": 1596, "_timestamp": 1618911761, "_step": 0, "best_val_loss": 7.100781440734863, "best_epoch": 0}