{"graph": {"_type": "graph-file", "path": "media/graph/graph_summary_550f247a.graph.json", "sha256": "550f247a51b9d596a0392763179e5d47bdaaa40cb5ab852c2a6c17befef69b1e", "size": 30046}, "epoch": 0, "loss": 7.103853702545166, "accuracy": 0.0038035635370761156, "top_k_categorical_accuracy": 0.017675291746854782, "val_loss": 7.240749835968018, "val_accuracy": 0.0010999999940395355, "val_top_k_categorical_accuracy": 0.005160000175237656, "_runtime": 1462, "_timestamp": 1619262461, "_step": 0, "best_val_loss": 7.240749835968018, "best_epoch": 0}