{"graph": {"_type": "graph-file", "path": "media/graph/graph_summary_550f247a.graph.json", "sha256": "550f247a51b9d596a0392763179e5d47bdaaa40cb5ab852c2a6c17befef69b1e", "size": 30046}, "epoch": 30, "loss": 6.906659126281738, "accuracy": 0.0009413292864337564, "top_k_categorical_accuracy": 0.004655911587178707, "val_loss": 6.909687042236328, "val_accuracy": 0.0010000000474974513, "val_top_k_categorical_accuracy": 0.004999999888241291, "_runtime": 47522, "_timestamp": 1618996292, "_step": 30, "best_val_loss": 3.741063117980957, "best_epoch": 20}