{"graph": {"_type": "graph-file", "path": "media/graph/graph_summary_550f247a.graph.json", "sha256": "550f247a51b9d596a0392763179e5d47bdaaa40cb5ab852c2a6c17befef69b1e", "size": 30046}, "epoch": 1, "loss": 4.954217433929443, "accuracy": 0.14246933162212372, "top_k_categorical_accuracy": 0.32079267501831055, "val_loss": 7.028553009033203, "val_accuracy": 0.013000000268220901, "val_top_k_categorical_accuracy": 0.04540000110864639, "_runtime": 2835, "_timestamp": 1619099191, "_step": 1, "best_val_loss": 7.028553009033203, "best_epoch": 1}