{"graph": {"_type": "graph-file", "path": "media/graph/graph_summary_16cd8a7c.graph.json", "sha256": "16cd8a7c9afdb8f406d9fabf2e0d1e93e41e0022728f0fed5db140b4806fb71a", "size": 30194}, "epoch": 2, "loss": 65.8515625, "accuracy": 0.0009765625, "top_k_categorical_accuracy": 0.0927734375, "val_loss": 1265.0, "val_accuracy": 0.0, "val_top_k_categorical_accuracy": 1.0, "_runtime": 235, "_timestamp": 1618523219, "_step": 2, "best_val_loss": 425.625, "best_epoch": 0}