{"graph": {"_type": "graph-file", "path": "media/graph/graph_summary_550f247a.graph.json", "sha256": "550f247a51b9d596a0392763179e5d47bdaaa40cb5ab852c2a6c17befef69b1e", "size": 30046}, "epoch": 29, "loss": 1.7941628694534302, "accuracy": 0.57868492603302, "top_k_categorical_accuracy": 0.8035244345664978, "val_loss": 4.138558864593506, "val_accuracy": 0.3066999912261963, "val_top_k_categorical_accuracy": 0.5259000062942505, "_runtime": 45798, "_timestamp": 1619094594, "_step": 29, "best_val_loss": 3.7444427013397217, "best_epoch": 13}