{"graph": {"_type": "graph-file", "path": "media/graph/graph_summary_16cd8a7c.graph.json", "sha256": "16cd8a7c9afdb8f406d9fabf2e0d1e93e41e0022728f0fed5db140b4806fb71a", "size": 30194}, "epoch": 1, "loss": 6.882627964019775, "accuracy": 0.0014900477835908532, "top_k_categorical_accuracy": 0.00800285954028368, "val_loss": 6.887766361236572, "val_accuracy": 0.0013800000306218863, "val_top_k_categorical_accuracy": 0.00800000037997961, "_runtime": 5365, "_timestamp": 1618918819, "_step": 1, "best_val_loss": 6.887766361236572, "best_epoch": 1}