{"graph": {"_type": "graph-file", "path": "media/graph/graph_summary_550f247a.graph.json", "sha256": "550f247a51b9d596a0392763179e5d47bdaaa40cb5ab852c2a6c17befef69b1e", "size": 30046}, "epoch": 2, "loss": 6.535107135772705, "accuracy": 0.0049993484281003475, "top_k_categorical_accuracy": 0.022733960300683975, "val_loss": 44.796810150146484, "val_accuracy": 0.0010000000474974513, "val_top_k_categorical_accuracy": 0.004999999888241291, "_runtime": 4715, "_timestamp": 1619047756, "_step": 2, "best_val_loss": 6.923911094665527, "best_epoch": 1}