{"graph": {"_type": "graph-file", "path": "media/graph/graph_summary_550f247a.graph.json", "sha256": "550f247a51b9d596a0392763179e5d47bdaaa40cb5ab852c2a6c17befef69b1e", "size": 30046}, "epoch": 5, "loss": 1.4830821752548218, "accuracy": 0.6866999864578247, "top_k_categorical_accuracy": 0.9252200126647949, "val_loss": 4.534345626831055, "val_accuracy": 0.21770000457763672, "val_top_k_categorical_accuracy": 0.5005999803543091, "_runtime": 624, "_timestamp": 1620491176, "_step": 5, "best_val_loss": 4.534345626831055, "best_epoch": 5}