{"graph": {"_type": "graph-file", "path": "media/graph/graph_summary_16cd8a7c.graph.json", "sha256": "16cd8a7c9afdb8f406d9fabf2e0d1e93e41e0022728f0fed5db140b4806fb71a", "size": 30194}, "epoch": 2, "loss": 7.607421875, "accuracy": 0.00048828125, "top_k_categorical_accuracy": 0.00244140625, "val_loss": 3215.25, "val_accuracy": 0.00390625, "val_top_k_categorical_accuracy": 1.0, "_runtime": 172, "_timestamp": 1618517029, "_step": 2, "best_val_loss": 1138.875, "best_epoch": 0}