{"graph": {"_type": "graph-file", "path": "media/graph/graph_summary_22136f4f.graph.json", "sha256": "22136f4f7aa37fca2d6c8529c3d887781336e2d1886e083c8975e85d594d29fc", "size": 29990}, "epoch": 6, "loss": 6.845954418182373, "accuracy": 0.0019973977468907833, "top_k_categorical_accuracy": 0.009909715503454208, "val_loss": 6.853973865509033, "val_accuracy": 0.0019399999873712659, "val_top_k_categorical_accuracy": 0.010060000233352184, "_runtime": 6629, "_timestamp": 1618612538, "_step": 6, "best_val_loss": 6.8539347648620605, "best_epoch": 2}