{"graph": {"_type": "graph-file", "path": "media/graph/graph_summary_550f247a.graph.json", "sha256": "550f247a51b9d596a0392763179e5d47bdaaa40cb5ab852c2a6c17befef69b1e", "size": 30046}, "epoch": 25, "loss": 1.9365586042404175, "accuracy": 0.5536038875579834, "top_k_categorical_accuracy": 0.7808763384819031, "val_loss": 3.957443952560425, "val_accuracy": 0.3101400136947632, "val_top_k_categorical_accuracy": 0.5331599712371826, "_runtime": 39695, "_timestamp": 1619037416, "_step": 25, "best_val_loss": 3.7547121047973633, "best_epoch": 14}