{"graph": {"_type": "graph-file", "path": "media/graph/graph_summary_22136f4f.graph.json", "sha256": "22136f4f7aa37fca2d6c8529c3d887781336e2d1886e083c8975e85d594d29fc", "size": 29990}, "epoch": 0, "loss": 6.996781826019287, "accuracy": 0.0017780663911253214, "top_k_categorical_accuracy": 0.008031739853322506, "val_loss": 6.933311462402344, "val_accuracy": 0.0018599999602884054, "val_top_k_categorical_accuracy": 0.007420000154525042, "_runtime": 1024, "_timestamp": 1618596939, "_step": 0, "best_val_loss": 6.933311462402344, "best_epoch": 0}