{"graph": {"_type": "graph-file", "path": "media/graph/graph_summary_550f247a.graph.json", "sha256": "550f247a51b9d596a0392763179e5d47bdaaa40cb5ab852c2a6c17befef69b1e", "size": 30046}, "epoch": 149, "loss": 2.9695663452148438, "accuracy": 0.4767489433288574, "top_k_categorical_accuracy": 0.7172062397003174, "val_loss": 3.9282188415527344, "val_accuracy": 0.33153998851776123, "val_top_k_categorical_accuracy": 0.5679000020027161, "_runtime": 233579, "_timestamp": 1619498799, "_step": 149, "best_val_loss": 3.8033177852630615, "best_epoch": 109}